folder,id,account_id,ad_keys,clip_source_video_id,complete,created_at,created_by,cue_points,custom_fields,delivery_type,description,digital_master_id,duration,video_preview,economics,folder_id,geo,has_digital_master,images,link,long_description,name,original_filename,projection,published_at,reference_id,schedule,sharing,state,tags,text_tracks,transcripts,updated_at,updated_by,playback_rights_id,ingestion_profile_id,sources
Training Essentials Lesson 04,6393557617112,2717258960001,,,TRUE,2026-04-21T15:30:34.816Z,"{""type"":""user"",""id"":""76076330233"",""email"":""norm.kirchner@emerson.com""}",[],{},dynamic_origin,,,440970,,AD_SUPPORTED,69e78f05a07b3eae7221ea62,,TRUE,"{""poster"":{""src"":""https://cf-images.us-east-1.prod.boltdns.net/v1/jit/2717258960001/c68c524b-fea2-4dc8-babb-2cc6f0c969d5/main/1280x720/3m40s485ms/match/image.jpg"",""sources"":[{""src"":""https://cf-images.us-east-1.prod.boltdns.net/v1/jit/2717258960001/c68c524b-fea2-4dc8-babb-2cc6f0c969d5/main/1280x720/3m40s485ms/match/image.jpg"",""height"":720,""width"":1280}]},""thumbnail"":{""src"":""https://cf-images.us-east-1.prod.boltdns.net/v1/jit/2717258960001/c68c524b-fea2-4dc8-babb-2cc6f0c969d5/main/160x90/3m40s485ms/match/image.jpg"",""sources"":[{""src"":""https://cf-images.us-east-1.prod.boltdns.net/v1/jit/2717258960001/c68c524b-fea2-4dc8-babb-2cc6f0c969d5/main/160x90/3m40s485ms/match/image.jpg"",""height"":90,""width"":160}]}}",,,01 - Introduction to Data Acquisition,01 - Introduction to Data Acquisition.mp4,,2026-04-21T15:30:34.816Z,,,,ACTIVE,"[""protected""]",[],[],2026-04-21T15:39:57.056Z,"{""type"":""user"",""id"":""76076330233"",""email"":""norm.kirchner@emerson.com""}",primary,6198c17bbbdc42a4bb60a41f,"[{""src"":""http://manifest.prod.boltdns.net/manifest/v1/hls/v4/clear/2717258960001/c68c524b-fea2-4dc8-babb-2cc6f0c969d5/10s/master.m3u8?fastly_token=NjllODAzYTlfMzY0M2E5Njc0OTYwOTcyM2VhZDgyZDk3YmNiZTkzZjczOWE5YTM4MWUyNzdjZDc1Y2YyYmI5ODFjYmM3MzE0ZA%3D%3D"",""type"":""application/x-mpegURL"",""ext_x_version"":""4"",""uploaded_at"":""2026-04-21T15:30:52.813Z""},{""src"":""https://manifest.prod.boltdns.net/manifest/v1/hls/v4/clear/2717258960001/c68c524b-fea2-4dc8-babb-2cc6f0c969d5/10s/master.m3u8?fastly_token=NjllODAzYTlfMzY0M2E5Njc0OTYwOTcyM2VhZDgyZDk3YmNiZTkzZjczOWE5YTM4MWUyNzdjZDc1Y2YyYmI5ODFjYmM3MzE0ZA%3D%3D"",""type"":""application/x-mpegURL"",""ext_x_version"":""4"",""uploaded_at"":""2026-04-21T15:30:52.813Z""},{""src"":""http://manifest.prod.boltdns.net/manifest/v2/hls/v7/clear/avc1_mp4a/2717258960001/c68c524b-fea2-4dc8-babb-2cc6f0c969d5/10s/master.m3u8?fastly_token=NjllODAzYTlfYTE4ZTY5YTJjNzc4NzZkNTU3OGMzNzhjZmVkNGNiZGI5OWJmYTIzODJjMzBhOWVlODRmNTEyZWY5ZDQyOTllYg%3D%3D"",""type"":""application/x-mpegURL"",""ext_x_version"":""7"",""uploaded_at"":""2026-04-21T15:30:52.813Z""},{""src"":""https://manifest.prod.boltdns.net/manifest/v2/hls/v7/clear/avc1_mp4a/2717258960001/c68c524b-fea2-4dc8-babb-2cc6f0c969d5/10s/master.m3u8?fastly_token=NjllODAzYTlfYTE4ZTY5YTJjNzc4NzZkNTU3OGMzNzhjZmVkNGNiZGI5OWJmYTIzODJjMzBhOWVlODRmNTEyZWY5ZDQyOTllYg%3D%3D"",""type"":""application/x-mpegURL"",""ext_x_version"":""7"",""uploaded_at"":""2026-04-21T15:30:52.813Z""},{""src"":""http://manifest.prod.boltdns.net/manifest/v1/dash/live-baseurl/clear/2717258960001/c68c524b-fea2-4dc8-babb-2cc6f0c969d5/6s/manifest.mpd?fastly_token=NjllODAzYTlfNDAzMTg0OGY3ZjBmYmUxOTU5OWJhNGM3NjIzN2Q0ZWE5N2ExMTI3MTVjYTQwZDA5NjY2NDk2NDNmNDMzY2UwNA%3D%3D"",""type"":""application/dash+xml"",""profiles"":""urn:mpeg:dash:profile:isoff-live:2011"",""uploaded_at"":""2026-04-21T15:30:52.813Z""},{""src"":""https://manifest.prod.boltdns.net/manifest/v1/dash/live-baseurl/clear/2717258960001/c68c524b-fea2-4dc8-babb-2cc6f0c969d5/6s/manifest.mpd?fastly_token=NjllODAzYTlfNDAzMTg0OGY3ZjBmYmUxOTU5OWJhNGM3NjIzN2Q0ZWE5N2ExMTI3MTVjYTQwZDA5NjY2NDk2NDNmNDMzY2UwNA%3D%3D"",""type"":""application/dash+xml"",""profiles"":""urn:mpeg:dash:profile:isoff-live:2011"",""uploaded_at"":""2026-04-21T15:30:52.813Z""},{""src"":""http://manifest.prod.boltdns.net/manifest/v2/dash/live-baseurl/clear/avc1_mp4a/2717258960001/c68c524b-fea2-4dc8-babb-2cc6f0c969d5/6s/manifest.mpd?fastly_token=NjllODAzYTlfZGMxNWFkZWFiMGM3NjRiYTRlZTM2YTU4OTViYWU2MWUzNDVmZTRiMzBlZjE4MTUxZGQ5Y2UyMmZlNzU0N2ZmMA%3D%3D"",""type"":""application/dash+xml"",""profiles"":""urn:mpeg:dash:profile:isoff-live:2011"",""uploaded_at"":""2026-04-21T15:30:52.813Z""},{""src"":""https://manifest.prod.boltdns.net/manifest/v2/dash/live-baseurl/clear/avc1_mp4a/2717258960001/c68c524b-fea2-4dc8-babb-2cc6f0c969d5/6s/manifest.mpd?fastly_token=NjllODAzYTlfZGMxNWFkZWFiMGM3NjRiYTRlZTM2YTU4OTViYWU2MWUzNDVmZTRiMzBlZjE4MTUxZGQ5Y2UyMmZlNzU0N2ZmMA%3D%3D"",""type"":""application/dash+xml"",""profiles"":""urn:mpeg:dash:profile:isoff-live:2011"",""uploaded_at"":""2026-04-21T15:30:52.813Z""}]"
Training Essentials Lesson 04,6393557993112,2717258960001,,,TRUE,2026-04-21T15:30:33.672Z,"{""type"":""user"",""id"":""76076330233"",""email"":""norm.kirchner@emerson.com""}",[],{},dynamic_origin,,,343493,,AD_SUPPORTED,69e78f05a07b3eae7221ea62,,TRUE,"{""poster"":{""src"":""https://cf-images.us-east-1.prod.boltdns.net/v1/jit/2717258960001/7dcbbd62-01db-4225-907d-9f3f974c814f/main/1280x720/2m51s746ms/match/image.jpg"",""sources"":[{""src"":""https://cf-images.us-east-1.prod.boltdns.net/v1/jit/2717258960001/7dcbbd62-01db-4225-907d-9f3f974c814f/main/1280x720/2m51s746ms/match/image.jpg"",""height"":720,""width"":1280}]},""thumbnail"":{""src"":""https://cf-images.us-east-1.prod.boltdns.net/v1/jit/2717258960001/7dcbbd62-01db-4225-907d-9f3f974c814f/main/160x90/2m51s746ms/match/image.jpg"",""sources"":[{""src"":""https://cf-images.us-east-1.prod.boltdns.net/v1/jit/2717258960001/7dcbbd62-01db-4225-907d-9f3f974c814f/main/160x90/2m51s746ms/match/image.jpg"",""height"":90,""width"":160}]}}",,,02 - NI Measurement and Automation Explorer (NI MAX),02 - NI Measurement and Automation Explorer (NI MAX).mp4,,2026-04-21T15:30:33.671Z,,,,ACTIVE,"[""protected""]",[],[],2026-04-21T15:39:57.056Z,"{""type"":""user"",""id"":""76076330233"",""email"":""norm.kirchner@emerson.com""}",primary,6198c17bbbdc42a4bb60a41f,"[{""src"":""http://manifest.prod.boltdns.net/manifest/v1/hls/v4/clear/2717258960001/7dcbbd62-01db-4225-907d-9f3f974c814f/10s/master.m3u8?fastly_token=NjllODAzMzhfMjZkZjA4OTFkMzFjNzQzZjEwZmIxMmVlNGU3NTZjNmNiNTg2ZGMyNDY2YmMyYWM5ZTVmY2Q2ODEwNDE3NWFiNQ%3D%3D"",""type"":""application/x-mpegURL"",""ext_x_version"":""4"",""uploaded_at"":""2026-04-21T15:30:52.539Z""},{""src"":""https://manifest.prod.boltdns.net/manifest/v1/hls/v4/clear/2717258960001/7dcbbd62-01db-4225-907d-9f3f974c814f/10s/master.m3u8?fastly_token=NjllODAzMzhfMjZkZjA4OTFkMzFjNzQzZjEwZmIxMmVlNGU3NTZjNmNiNTg2ZGMyNDY2YmMyYWM5ZTVmY2Q2ODEwNDE3NWFiNQ%3D%3D"",""type"":""application/x-mpegURL"",""ext_x_version"":""4"",""uploaded_at"":""2026-04-21T15:30:52.539Z""},{""src"":""http://manifest.prod.boltdns.net/manifest/v2/hls/v7/clear/avc1_mp4a/2717258960001/7dcbbd62-01db-4225-907d-9f3f974c814f/10s/master.m3u8?fastly_token=NjllODAzMzhfYzJmNTVhMmM3ZDI5MTE2NzIyMDhhYzUwZTg2ZjA1NGE1NTEzYzc3MDE0ZmQ0NTAwOTYzYTRjZGJiNjdiOWU1OQ%3D%3D"",""type"":""application/x-mpegURL"",""ext_x_version"":""7"",""uploaded_at"":""2026-04-21T15:30:52.539Z""},{""src"":""https://manifest.prod.boltdns.net/manifest/v2/hls/v7/clear/avc1_mp4a/2717258960001/7dcbbd62-01db-4225-907d-9f3f974c814f/10s/master.m3u8?fastly_token=NjllODAzMzhfYzJmNTVhMmM3ZDI5MTE2NzIyMDhhYzUwZTg2ZjA1NGE1NTEzYzc3MDE0ZmQ0NTAwOTYzYTRjZGJiNjdiOWU1OQ%3D%3D"",""type"":""application/x-mpegURL"",""ext_x_version"":""7"",""uploaded_at"":""2026-04-21T15:30:52.539Z""},{""src"":""http://manifest.prod.boltdns.net/manifest/v1/dash/live-baseurl/clear/2717258960001/7dcbbd62-01db-4225-907d-9f3f974c814f/6s/manifest.mpd?fastly_token=NjllODAzMzhfOTdjMGZiMWQ4MzNkMzZiNDBiYzk2YjIwNTA0NDVkMmEzNzY2MWRkYTYxZGZlY2E0ODFiYTA2M2ZkODMyYmIxNg%3D%3D"",""type"":""application/dash+xml"",""profiles"":""urn:mpeg:dash:profile:isoff-live:2011"",""uploaded_at"":""2026-04-21T15:30:52.539Z""},{""src"":""https://manifest.prod.boltdns.net/manifest/v1/dash/live-baseurl/clear/2717258960001/7dcbbd62-01db-4225-907d-9f3f974c814f/6s/manifest.mpd?fastly_token=NjllODAzMzhfOTdjMGZiMWQ4MzNkMzZiNDBiYzk2YjIwNTA0NDVkMmEzNzY2MWRkYTYxZGZlY2E0ODFiYTA2M2ZkODMyYmIxNg%3D%3D"",""type"":""application/dash+xml"",""profiles"":""urn:mpeg:dash:profile:isoff-live:2011"",""uploaded_at"":""2026-04-21T15:30:52.539Z""},{""src"":""http://manifest.prod.boltdns.net/manifest/v2/dash/live-baseurl/clear/avc1_mp4a/2717258960001/7dcbbd62-01db-4225-907d-9f3f974c814f/6s/manifest.mpd?fastly_token=NjllODAzMzhfODU5M2ZmY2EzZWE1YWFhZDhmZTI4NzBmYTdhY2YxMDEyYTU4ZTUyN2FkZjVmMDdhMTM5NGU4NWJiMWU2ZmZlZQ%3D%3D"",""type"":""application/dash+xml"",""profiles"":""urn:mpeg:dash:profile:isoff-live:2011"",""uploaded_at"":""2026-04-21T15:30:52.539Z""},{""src"":""https://manifest.prod.boltdns.net/manifest/v2/dash/live-baseurl/clear/avc1_mp4a/2717258960001/7dcbbd62-01db-4225-907d-9f3f974c814f/6s/manifest.mpd?fastly_token=NjllODAzMzhfODU5M2ZmY2EzZWE1YWFhZDhmZTI4NzBmYTdhY2YxMDEyYTU4ZTUyN2FkZjVmMDdhMTM5NGU4NWJiMWU2ZmZlZQ%3D%3D"",""type"":""application/dash+xml"",""profiles"":""urn:mpeg:dash:profile:isoff-live:2011"",""uploaded_at"":""2026-04-21T15:30:52.539Z""}]"
Training Essentials Lesson 04,6393557994112,2717258960001,,,TRUE,2026-04-21T15:30:34.070Z,"{""type"":""user"",""id"":""76076330233"",""email"":""norm.kirchner@emerson.com""}",[],{},dynamic_origin,,,233848,,AD_SUPPORTED,69e78f05a07b3eae7221ea62,,TRUE,"{""poster"":{""src"":""https://cf-images.us-east-1.prod.boltdns.net/v1/jit/2717258960001/707502bd-5a43-48c6-9458-529763848827/main/1280x720/1m56s924ms/match/image.jpg"",""sources"":[{""src"":""https://cf-images.us-east-1.prod.boltdns.net/v1/jit/2717258960001/707502bd-5a43-48c6-9458-529763848827/main/1280x720/1m56s924ms/match/image.jpg"",""height"":720,""width"":1280}]},""thumbnail"":{""src"":""https://cf-images.us-east-1.prod.boltdns.net/v1/jit/2717258960001/707502bd-5a43-48c6-9458-529763848827/main/160x90/1m56s924ms/match/image.jpg"",""sources"":[{""src"":""https://cf-images.us-east-1.prod.boltdns.net/v1/jit/2717258960001/707502bd-5a43-48c6-9458-529763848827/main/160x90/1m56s924ms/match/image.jpg"",""height"":90,""width"":160}]}}",,,03 - NI MAX - NI DAQ Test Panels,03 - NI MAX - NI DAQ Test Panels.mp4,,2026-04-21T15:30:34.069Z,,,,ACTIVE,"[""protected""]",[],[],2026-04-21T15:39:57.056Z,"{""type"":""user"",""id"":""76076330233"",""email"":""norm.kirchner@emerson.com""}",primary,6198c17bbbdc42a4bb60a41f,"[{""src"":""http://manifest.prod.boltdns.net/manifest/v1/hls/v4/clear/2717258960001/707502bd-5a43-48c6-9458-529763848827/10s/master.m3u8?fastly_token=NjllODAyYjhfYTliZmVkM2I2MGY1MGYxMjc5OTNiYzFjZjdmYjRjMDBmYmQyMGMyMGMyYTgwYjY1MGUxOGNiN2M2OGYzYjY0Zg%3D%3D"",""type"":""application/x-mpegURL"",""ext_x_version"":""4"",""uploaded_at"":""2026-04-21T15:30:50.734Z""},{""src"":""https://manifest.prod.boltdns.net/manifest/v1/hls/v4/clear/2717258960001/707502bd-5a43-48c6-9458-529763848827/10s/master.m3u8?fastly_token=NjllODAyYjhfYTliZmVkM2I2MGY1MGYxMjc5OTNiYzFjZjdmYjRjMDBmYmQyMGMyMGMyYTgwYjY1MGUxOGNiN2M2OGYzYjY0Zg%3D%3D"",""type"":""application/x-mpegURL"",""ext_x_version"":""4"",""uploaded_at"":""2026-04-21T15:30:50.734Z""},{""src"":""http://manifest.prod.boltdns.net/manifest/v2/hls/v7/clear/avc1_mp4a/2717258960001/707502bd-5a43-48c6-9458-529763848827/10s/master.m3u8?fastly_token=NjllODAyYjhfZGQ0N2I0YmIwMDdmZjA1ZGU0YWZlMTdiYTdmOTQzNzA2ZGFlYzA2NDVlMGU4ZGJkN2JkNTkyNzdjMzU5YmQ4ZA%3D%3D"",""type"":""application/x-mpegURL"",""ext_x_version"":""7"",""uploaded_at"":""2026-04-21T15:30:50.734Z""},{""src"":""https://manifest.prod.boltdns.net/manifest/v2/hls/v7/clear/avc1_mp4a/2717258960001/707502bd-5a43-48c6-9458-529763848827/10s/master.m3u8?fastly_token=NjllODAyYjhfZGQ0N2I0YmIwMDdmZjA1ZGU0YWZlMTdiYTdmOTQzNzA2ZGFlYzA2NDVlMGU4ZGJkN2JkNTkyNzdjMzU5YmQ4ZA%3D%3D"",""type"":""application/x-mpegURL"",""ext_x_version"":""7"",""uploaded_at"":""2026-04-21T15:30:50.734Z""},{""src"":""http://manifest.prod.boltdns.net/manifest/v1/dash/live-baseurl/clear/2717258960001/707502bd-5a43-48c6-9458-529763848827/6s/manifest.mpd?fastly_token=NjllODAyYjhfZmE3YjdlYmVmNmY5MGMwNGFhMmRjMzg1ZGM2ZDE5YzNlYTE5NTljZDU1ODFhNzQwYzg2NjhlZTZkMmViMjM4Mw%3D%3D"",""type"":""application/dash+xml"",""profiles"":""urn:mpeg:dash:profile:isoff-live:2011"",""uploaded_at"":""2026-04-21T15:30:50.734Z""},{""src"":""https://manifest.prod.boltdns.net/manifest/v1/dash/live-baseurl/clear/2717258960001/707502bd-5a43-48c6-9458-529763848827/6s/manifest.mpd?fastly_token=NjllODAyYjhfZmE3YjdlYmVmNmY5MGMwNGFhMmRjMzg1ZGM2ZDE5YzNlYTE5NTljZDU1ODFhNzQwYzg2NjhlZTZkMmViMjM4Mw%3D%3D"",""type"":""application/dash+xml"",""profiles"":""urn:mpeg:dash:profile:isoff-live:2011"",""uploaded_at"":""2026-04-21T15:30:50.734Z""},{""src"":""http://manifest.prod.boltdns.net/manifest/v2/dash/live-baseurl/clear/avc1_mp4a/2717258960001/707502bd-5a43-48c6-9458-529763848827/6s/manifest.mpd?fastly_token=NjllODAyYjhfOWM0OGQxY2JjZTQ0NmY4YTFjOTY2YTBmNDQ5YjA1ZGQ5Nzk0MmViOGRhYzIxZThhNTViOWFlZTdlMjk1ZDAwYQ%3D%3D"",""type"":""application/dash+xml"",""profiles"":""urn:mpeg:dash:profile:isoff-live:2011"",""uploaded_at"":""2026-04-21T15:30:50.734Z""},{""src"":""https://manifest.prod.boltdns.net/manifest/v2/dash/live-baseurl/clear/avc1_mp4a/2717258960001/707502bd-5a43-48c6-9458-529763848827/6s/manifest.mpd?fastly_token=NjllODAyYjhfOWM0OGQxY2JjZTQ0NmY4YTFjOTY2YTBmNDQ5YjA1ZGQ5Nzk0MmViOGRhYzIxZThhNTViOWFlZTdlMjk1ZDAwYQ%3D%3D"",""type"":""application/dash+xml"",""profiles"":""urn:mpeg:dash:profile:isoff-live:2011"",""uploaded_at"":""2026-04-21T15:30:50.734Z""}]"
Training Essentials Lesson 04,6393557314112,2717258960001,,,TRUE,2026-04-21T15:30:34.285Z,"{""type"":""user"",""id"":""76076330233"",""email"":""norm.kirchner@emerson.com""}",[],{},dynamic_origin,,,174707,,AD_SUPPORTED,69e78f05a07b3eae7221ea62,,TRUE,"{""thumbnail"":{""src"":""https://cf-images.us-east-1.prod.boltdns.net/v1/jit/2717258960001/869cff11-20bc-43d9-9e69-8129747f49c9/main/160x90/1m27s353ms/match/image.jpg"",""sources"":[{""src"":""https://cf-images.us-east-1.prod.boltdns.net/v1/jit/2717258960001/869cff11-20bc-43d9-9e69-8129747f49c9/main/160x90/1m27s353ms/match/image.jpg"",""height"":90,""width"":160}]},""poster"":{""src"":""https://cf-images.us-east-1.prod.boltdns.net/v1/jit/2717258960001/869cff11-20bc-43d9-9e69-8129747f49c9/main/1280x720/1m27s353ms/match/image.jpg"",""sources"":[{""src"":""https://cf-images.us-east-1.prod.boltdns.net/v1/jit/2717258960001/869cff11-20bc-43d9-9e69-8129747f49c9/main/1280x720/1m27s353ms/match/image.jpg"",""height"":720,""width"":1280}]}}",,,04 - Simulating NI DAQ Devices,04 - Simulating NI DAQ Devices.mp4,,2026-04-21T15:30:34.285Z,,,,ACTIVE,"[""protected""]",[],[],2026-04-21T15:39:57.056Z,"{""type"":""user"",""id"":""76076330233"",""email"":""norm.kirchner@emerson.com""}",primary,6198c17bbbdc42a4bb60a41f,"[{""src"":""http://manifest.prod.boltdns.net/manifest/v1/hls/v4/clear/2717258960001/869cff11-20bc-43d9-9e69-8129747f49c9/10s/master.m3u8?fastly_token=NjllODAyNzRfYjJiNDBhZmU0MmNjNTFiMDk0OTlhMzBiMjAxNjhlNzQxNGNiZGQxYmFkMzJiYzYxMjk0MzBhOTEyOGJhYjdkOQ%3D%3D"",""type"":""application/x-mpegURL"",""ext_x_version"":""4"",""uploaded_at"":""2026-04-21T15:30:51.587Z""},{""src"":""https://manifest.prod.boltdns.net/manifest/v1/hls/v4/clear/2717258960001/869cff11-20bc-43d9-9e69-8129747f49c9/10s/master.m3u8?fastly_token=NjllODAyNzRfYjJiNDBhZmU0MmNjNTFiMDk0OTlhMzBiMjAxNjhlNzQxNGNiZGQxYmFkMzJiYzYxMjk0MzBhOTEyOGJhYjdkOQ%3D%3D"",""type"":""application/x-mpegURL"",""ext_x_version"":""4"",""uploaded_at"":""2026-04-21T15:30:51.587Z""},{""src"":""http://manifest.prod.boltdns.net/manifest/v2/hls/v7/clear/avc1_mp4a/2717258960001/869cff11-20bc-43d9-9e69-8129747f49c9/10s/master.m3u8?fastly_token=NjllODAyNzRfNGVkNjY5NGU5YjNiMmMyMzJhYmExNjRjMGNlYjMzZTEwNjA5MWYyZTBlNDk4NWRiZmJiMjlkZTYwMGU3YWNkNg%3D%3D"",""type"":""application/x-mpegURL"",""ext_x_version"":""7"",""uploaded_at"":""2026-04-21T15:30:51.587Z""},{""src"":""https://manifest.prod.boltdns.net/manifest/v2/hls/v7/clear/avc1_mp4a/2717258960001/869cff11-20bc-43d9-9e69-8129747f49c9/10s/master.m3u8?fastly_token=NjllODAyNzRfNGVkNjY5NGU5YjNiMmMyMzJhYmExNjRjMGNlYjMzZTEwNjA5MWYyZTBlNDk4NWRiZmJiMjlkZTYwMGU3YWNkNg%3D%3D"",""type"":""application/x-mpegURL"",""ext_x_version"":""7"",""uploaded_at"":""2026-04-21T15:30:51.587Z""},{""src"":""http://manifest.prod.boltdns.net/manifest/v1/dash/live-baseurl/clear/2717258960001/869cff11-20bc-43d9-9e69-8129747f49c9/6s/manifest.mpd?fastly_token=NjllODAyNzRfYWUyYWI4MmU1ZTcyZmM1YjdkNjAyZmI3ZmI2OGEwOGE1Nzg0Y2RmNDY3MzFmN2M4MDI4NDVhY2JkMGE4NGUyZA%3D%3D"",""type"":""application/dash+xml"",""profiles"":""urn:mpeg:dash:profile:isoff-live:2011"",""uploaded_at"":""2026-04-21T15:30:51.587Z""},{""src"":""https://manifest.prod.boltdns.net/manifest/v1/dash/live-baseurl/clear/2717258960001/869cff11-20bc-43d9-9e69-8129747f49c9/6s/manifest.mpd?fastly_token=NjllODAyNzRfYWUyYWI4MmU1ZTcyZmM1YjdkNjAyZmI3ZmI2OGEwOGE1Nzg0Y2RmNDY3MzFmN2M4MDI4NDVhY2JkMGE4NGUyZA%3D%3D"",""type"":""application/dash+xml"",""profiles"":""urn:mpeg:dash:profile:isoff-live:2011"",""uploaded_at"":""2026-04-21T15:30:51.587Z""},{""src"":""http://manifest.prod.boltdns.net/manifest/v2/dash/live-baseurl/clear/avc1_mp4a/2717258960001/869cff11-20bc-43d9-9e69-8129747f49c9/6s/manifest.mpd?fastly_token=NjllODAyNzRfNjhjOTUyMGQxOTk5YTcyNGMyYzlmZWI5NDMxZDYzMDM4NGRjYTNiNzdmNmIwMDI5NTQ5MDU1YzUyNWIyOWU0Ng%3D%3D"",""type"":""application/dash+xml"",""profiles"":""urn:mpeg:dash:profile:isoff-live:2011"",""uploaded_at"":""2026-04-21T15:30:51.587Z""},{""src"":""https://manifest.prod.boltdns.net/manifest/v2/dash/live-baseurl/clear/avc1_mp4a/2717258960001/869cff11-20bc-43d9-9e69-8129747f49c9/6s/manifest.mpd?fastly_token=NjllODAyNzRfNjhjOTUyMGQxOTk5YTcyNGMyYzlmZWI5NDMxZDYzMDM4NGRjYTNiNzdmNmIwMDI5NTQ5MDU1YzUyNWIyOWU0Ng%3D%3D"",""type"":""application/dash+xml"",""profiles"":""urn:mpeg:dash:profile:isoff-live:2011"",""uploaded_at"":""2026-04-21T15:30:51.587Z""}]"
Training Essentials Lesson 04,6393557019112,2717258960001,,,TRUE,2026-04-21T15:30:34.095Z,"{""type"":""user"",""id"":""76076330233"",""email"":""norm.kirchner@emerson.com""}",[],{},dynamic_origin,,,156456,,AD_SUPPORTED,69e78f05a07b3eae7221ea62,,TRUE,"{""poster"":{""src"":""https://cf-images.us-east-1.prod.boltdns.net/v1/jit/2717258960001/7416e10d-8d49-4f3b-a5c8-ea52331ae971/main/1280x720/1m18s228ms/match/image.jpg"",""sources"":[{""src"":""https://cf-images.us-east-1.prod.boltdns.net/v1/jit/2717258960001/7416e10d-8d49-4f3b-a5c8-ea52331ae971/main/1280x720/1m18s228ms/match/image.jpg"",""height"":720,""width"":1280}]},""thumbnail"":{""src"":""https://cf-images.us-east-1.prod.boltdns.net/v1/jit/2717258960001/7416e10d-8d49-4f3b-a5c8-ea52331ae971/main/160x90/1m18s228ms/match/image.jpg"",""sources"":[{""src"":""https://cf-images.us-east-1.prod.boltdns.net/v1/jit/2717258960001/7416e10d-8d49-4f3b-a5c8-ea52331ae971/main/160x90/1m18s228ms/match/image.jpg"",""height"":90,""width"":160}]}}",,,05 - Testing Non-NI Instruments,05 - Testing Non-NI Instruments.mp4,,2026-04-21T15:30:34.095Z,,,,ACTIVE,"[""protected""]",[],[],2026-04-21T15:39:57.056Z,"{""type"":""user"",""id"":""76076330233"",""email"":""norm.kirchner@emerson.com""}",primary,6198c17bbbdc42a4bb60a41f,"[{""src"":""http://manifest.prod.boltdns.net/manifest/v1/hls/v4/clear/2717258960001/7416e10d-8d49-4f3b-a5c8-ea52331ae971/10s/master.m3u8?fastly_token=NjllODAyNWZfMmVkMmMzM2FkMjMxYTY2NGIwYWNkNmQ2MmJmNTkwMzNjNTczYjg5MWY3YmNkM2RlOWE2ZjY0ZDgzNjM2ZDVhMg%3D%3D"",""type"":""application/x-mpegURL"",""ext_x_version"":""4"",""uploaded_at"":""2026-04-21T15:30:49.933Z""},{""src"":""https://manifest.prod.boltdns.net/manifest/v1/hls/v4/clear/2717258960001/7416e10d-8d49-4f3b-a5c8-ea52331ae971/10s/master.m3u8?fastly_token=NjllODAyNWZfMmVkMmMzM2FkMjMxYTY2NGIwYWNkNmQ2MmJmNTkwMzNjNTczYjg5MWY3YmNkM2RlOWE2ZjY0ZDgzNjM2ZDVhMg%3D%3D"",""type"":""application/x-mpegURL"",""ext_x_version"":""4"",""uploaded_at"":""2026-04-21T15:30:49.933Z""},{""src"":""http://manifest.prod.boltdns.net/manifest/v2/hls/v7/clear/avc1_mp4a/2717258960001/7416e10d-8d49-4f3b-a5c8-ea52331ae971/10s/master.m3u8?fastly_token=NjllODAyNWZfYWU2NTA0NjQ0Yjk5YWE2OWY4MmEyODYyNTUwYzU3OTc0YTQ5OGQ4MmI1NmY3MGZmYThhZTgxYjY1MWRkMThmMQ%3D%3D"",""type"":""application/x-mpegURL"",""ext_x_version"":""7"",""uploaded_at"":""2026-04-21T15:30:49.933Z""},{""src"":""https://manifest.prod.boltdns.net/manifest/v2/hls/v7/clear/avc1_mp4a/2717258960001/7416e10d-8d49-4f3b-a5c8-ea52331ae971/10s/master.m3u8?fastly_token=NjllODAyNWZfYWU2NTA0NjQ0Yjk5YWE2OWY4MmEyODYyNTUwYzU3OTc0YTQ5OGQ4MmI1NmY3MGZmYThhZTgxYjY1MWRkMThmMQ%3D%3D"",""type"":""application/x-mpegURL"",""ext_x_version"":""7"",""uploaded_at"":""2026-04-21T15:30:49.933Z""},{""src"":""http://manifest.prod.boltdns.net/manifest/v1/dash/live-baseurl/clear/2717258960001/7416e10d-8d49-4f3b-a5c8-ea52331ae971/6s/manifest.mpd?fastly_token=NjllODAyNWZfZmM4ODJkYzk0ZTU1NGU5YjJkYmY0Nzg4MGFiZjg4ODAzNDYzZjU1YTJlNzgyMzFkNTU3MTBkMWRiMjI5ZDhjYw%3D%3D"",""type"":""application/dash+xml"",""profiles"":""urn:mpeg:dash:profile:isoff-live:2011"",""uploaded_at"":""2026-04-21T15:30:49.933Z""},{""src"":""https://manifest.prod.boltdns.net/manifest/v1/dash/live-baseurl/clear/2717258960001/7416e10d-8d49-4f3b-a5c8-ea52331ae971/6s/manifest.mpd?fastly_token=NjllODAyNWZfZmM4ODJkYzk0ZTU1NGU5YjJkYmY0Nzg4MGFiZjg4ODAzNDYzZjU1YTJlNzgyMzFkNTU3MTBkMWRiMjI5ZDhjYw%3D%3D"",""type"":""application/dash+xml"",""profiles"":""urn:mpeg:dash:profile:isoff-live:2011"",""uploaded_at"":""2026-04-21T15:30:49.933Z""},{""src"":""http://manifest.prod.boltdns.net/manifest/v2/dash/live-baseurl/clear/avc1_mp4a/2717258960001/7416e10d-8d49-4f3b-a5c8-ea52331ae971/6s/manifest.mpd?fastly_token=NjllODAyNWZfMWEzMWZkNDNhZTNmOTdhMmY1NjJkODg3MWIwZmYwYTI2MWZlNjI0OTczOTg5YTVlMThkNTkwNzg1ZjZhMWFjYw%3D%3D"",""type"":""application/dash+xml"",""profiles"":""urn:mpeg:dash:profile:isoff-live:2011"",""uploaded_at"":""2026-04-21T15:30:49.933Z""},{""src"":""https://manifest.prod.boltdns.net/manifest/v2/dash/live-baseurl/clear/avc1_mp4a/2717258960001/7416e10d-8d49-4f3b-a5c8-ea52331ae971/6s/manifest.mpd?fastly_token=NjllODAyNWZfMWEzMWZkNDNhZTNmOTdhMmY1NjJkODg3MWIwZmYwYTI2MWZlNjI0OTczOTg5YTVlMThkNTkwNzg1ZjZhMWFjYw%3D%3D"",""type"":""application/dash+xml"",""profiles"":""urn:mpeg:dash:profile:isoff-live:2011"",""uploaded_at"":""2026-04-21T15:30:49.933Z""}]"
Training Essentials Lesson 04,6393557806112,2717258960001,,,TRUE,2026-04-21T15:30:34.138Z,"{""type"":""user"",""id"":""76076330233"",""email"":""norm.kirchner@emerson.com""}",[],{},dynamic_origin,,,316604,,AD_SUPPORTED,69e78f05a07b3eae7221ea62,,TRUE,"{""poster"":{""src"":""https://cf-images.us-east-1.prod.boltdns.net/v1/jit/2717258960001/8a934dc5-a949-4091-913d-98e775c703cc/main/1280x720/2m38s302ms/match/image.jpg"",""sources"":[{""src"":""https://cf-images.us-east-1.prod.boltdns.net/v1/jit/2717258960001/8a934dc5-a949-4091-913d-98e775c703cc/main/1280x720/2m38s302ms/match/image.jpg"",""height"":720,""width"":1280}]},""thumbnail"":{""src"":""https://cf-images.us-east-1.prod.boltdns.net/v1/jit/2717258960001/8a934dc5-a949-4091-913d-98e775c703cc/main/160x90/2m38s302ms/match/image.jpg"",""sources"":[{""src"":""https://cf-images.us-east-1.prod.boltdns.net/v1/jit/2717258960001/8a934dc5-a949-4091-913d-98e775c703cc/main/160x90/2m38s302ms/match/image.jpg"",""height"":90,""width"":160}]}}",,,06 - Using NI DAQ Devices in LabVIEW,06 - Using NI DAQ Devices in LabVIEW.mp4,,2026-04-21T15:30:34.138Z,,,,ACTIVE,"[""protected""]",[],[],2026-04-21T15:39:57.056Z,"{""type"":""user"",""id"":""76076330233"",""email"":""norm.kirchner@emerson.com""}",primary,6198c17bbbdc42a4bb60a41f,"[{""src"":""http://manifest.prod.boltdns.net/manifest/v1/hls/v4/clear/2717258960001/8a934dc5-a949-4091-913d-98e775c703cc/10s/master.m3u8?fastly_token=NjllODAzMThfOTBkM2UwMWM2NGM4OWMzYjEwZGRiMzQ1NDkyMDcyYmEyNGYyZjIyZDI4MWNhNDY1ZDYwZmUwMzU0ZGZjMzdhOQ%3D%3D"",""type"":""application/x-mpegURL"",""ext_x_version"":""4"",""uploaded_at"":""2026-04-21T15:30:52.532Z""},{""src"":""https://manifest.prod.boltdns.net/manifest/v1/hls/v4/clear/2717258960001/8a934dc5-a949-4091-913d-98e775c703cc/10s/master.m3u8?fastly_token=NjllODAzMThfOTBkM2UwMWM2NGM4OWMzYjEwZGRiMzQ1NDkyMDcyYmEyNGYyZjIyZDI4MWNhNDY1ZDYwZmUwMzU0ZGZjMzdhOQ%3D%3D"",""type"":""application/x-mpegURL"",""ext_x_version"":""4"",""uploaded_at"":""2026-04-21T15:30:52.532Z""},{""src"":""http://manifest.prod.boltdns.net/manifest/v2/hls/v7/clear/avc1_mp4a/2717258960001/8a934dc5-a949-4091-913d-98e775c703cc/10s/master.m3u8?fastly_token=NjllODAzMThfNWZkNjliNzNkNGM5MDczYTMzYmQ0NDAyMDFiMzU5NmVjNzBkMzJhMjI4NDE0NmE1ODY0NzYyZDEwNGJlNzE0OQ%3D%3D"",""type"":""application/x-mpegURL"",""ext_x_version"":""7"",""uploaded_at"":""2026-04-21T15:30:52.532Z""},{""src"":""https://manifest.prod.boltdns.net/manifest/v2/hls/v7/clear/avc1_mp4a/2717258960001/8a934dc5-a949-4091-913d-98e775c703cc/10s/master.m3u8?fastly_token=NjllODAzMThfNWZkNjliNzNkNGM5MDczYTMzYmQ0NDAyMDFiMzU5NmVjNzBkMzJhMjI4NDE0NmE1ODY0NzYyZDEwNGJlNzE0OQ%3D%3D"",""type"":""application/x-mpegURL"",""ext_x_version"":""7"",""uploaded_at"":""2026-04-21T15:30:52.532Z""},{""src"":""http://manifest.prod.boltdns.net/manifest/v1/dash/live-baseurl/clear/2717258960001/8a934dc5-a949-4091-913d-98e775c703cc/6s/manifest.mpd?fastly_token=NjllODAzMThfNjk4OTRhODA5NzNjMWQwNzNjZmM4ZGI3ZGUwYzRlODBkNTZmNmU0MTc4NzEzYzMxZDVlNTY5MTI5YWYyMDVlYw%3D%3D"",""type"":""application/dash+xml"",""profiles"":""urn:mpeg:dash:profile:isoff-live:2011"",""uploaded_at"":""2026-04-21T15:30:52.532Z""},{""src"":""https://manifest.prod.boltdns.net/manifest/v1/dash/live-baseurl/clear/2717258960001/8a934dc5-a949-4091-913d-98e775c703cc/6s/manifest.mpd?fastly_token=NjllODAzMThfNjk4OTRhODA5NzNjMWQwNzNjZmM4ZGI3ZGUwYzRlODBkNTZmNmU0MTc4NzEzYzMxZDVlNTY5MTI5YWYyMDVlYw%3D%3D"",""type"":""application/dash+xml"",""profiles"":""urn:mpeg:dash:profile:isoff-live:2011"",""uploaded_at"":""2026-04-21T15:30:52.532Z""},{""src"":""http://manifest.prod.boltdns.net/manifest/v2/dash/live-baseurl/clear/avc1_mp4a/2717258960001/8a934dc5-a949-4091-913d-98e775c703cc/6s/manifest.mpd?fastly_token=NjllODAzMThfMjAxNjkwODQxZTYwNGU5NjE0NDhlMGVlY2M4MTJlODJiNmU4NTZjZWIwZmQ4MmQ2MzkwNTE1YzFkMzJkOTU4Yg%3D%3D"",""type"":""application/dash+xml"",""profiles"":""urn:mpeg:dash:profile:isoff-live:2011"",""uploaded_at"":""2026-04-21T15:30:52.532Z""},{""src"":""https://manifest.prod.boltdns.net/manifest/v2/dash/live-baseurl/clear/avc1_mp4a/2717258960001/8a934dc5-a949-4091-913d-98e775c703cc/6s/manifest.mpd?fastly_token=NjllODAzMThfMjAxNjkwODQxZTYwNGU5NjE0NDhlMGVlY2M4MTJlODJiNmU4NTZjZWIwZmQ4MmQ2MzkwNTE1YzFkMzJkOTU4Yg%3D%3D"",""type"":""application/dash+xml"",""profiles"":""urn:mpeg:dash:profile:isoff-live:2011"",""uploaded_at"":""2026-04-21T15:30:52.532Z""}]"
Training Essentials Lesson 04,6393558776112,2717258960001,,,TRUE,2026-04-21T15:30:34.444Z,"{""type"":""user"",""id"":""76076330233"",""email"":""norm.kirchner@emerson.com""}",[],{},dynamic_origin,,,238353,,AD_SUPPORTED,69e78f05a07b3eae7221ea62,,TRUE,"{""thumbnail"":{""src"":""https://cf-images.us-east-1.prod.boltdns.net/v1/jit/2717258960001/158f293c-276b-42ef-93de-e7cd1e399aa0/main/160x90/1m59s176ms/match/image.jpg"",""sources"":[{""src"":""https://cf-images.us-east-1.prod.boltdns.net/v1/jit/2717258960001/158f293c-276b-42ef-93de-e7cd1e399aa0/main/160x90/1m59s176ms/match/image.jpg"",""height"":90,""width"":160}]},""poster"":{""src"":""https://cf-images.us-east-1.prod.boltdns.net/v1/jit/2717258960001/158f293c-276b-42ef-93de-e7cd1e399aa0/main/1280x720/1m59s176ms/match/image.jpg"",""sources"":[{""src"":""https://cf-images.us-east-1.prod.boltdns.net/v1/jit/2717258960001/158f293c-276b-42ef-93de-e7cd1e399aa0/main/1280x720/1m59s176ms/match/image.jpg"",""height"":720,""width"":1280}]}}",,,07 - DAQ Assistant Digital Input Output,07 - DAQ Assistant Digital Input Output.mp4,,2026-04-21T15:30:34.443Z,,,,ACTIVE,"[""protected""]",[],[],2026-04-21T15:39:57.056Z,"{""type"":""user"",""id"":""76076330233"",""email"":""norm.kirchner@emerson.com""}",primary,6198c17bbbdc42a4bb60a41f,"[{""src"":""http://manifest.prod.boltdns.net/manifest/v1/hls/v4/clear/2717258960001/158f293c-276b-42ef-93de-e7cd1e399aa0/10s/master.m3u8?fastly_token=NjllODAyYmRfODBhYmQyMDA1M2UzOTM1NGIyZjMwNTQ0YjFmMzkyYTYxOGM0ZDg5YTY5MzIxZDRkZTJmOWRhOWQwOTg3ZjU3OQ%3D%3D"",""type"":""application/x-mpegURL"",""ext_x_version"":""4"",""uploaded_at"":""2026-04-21T15:30:53.042Z""},{""src"":""https://manifest.prod.boltdns.net/manifest/v1/hls/v4/clear/2717258960001/158f293c-276b-42ef-93de-e7cd1e399aa0/10s/master.m3u8?fastly_token=NjllODAyYmRfODBhYmQyMDA1M2UzOTM1NGIyZjMwNTQ0YjFmMzkyYTYxOGM0ZDg5YTY5MzIxZDRkZTJmOWRhOWQwOTg3ZjU3OQ%3D%3D"",""type"":""application/x-mpegURL"",""ext_x_version"":""4"",""uploaded_at"":""2026-04-21T15:30:53.042Z""},{""src"":""http://manifest.prod.boltdns.net/manifest/v2/hls/v7/clear/avc1_mp4a/2717258960001/158f293c-276b-42ef-93de-e7cd1e399aa0/10s/master.m3u8?fastly_token=NjllODAyYmRfMDUxNDExMDMxYTg5ZmZkNjgxZDNiZDc3MGY5YmFiMzA1NzBjNzg0YWYxOWM4ZDUzZjg5OTVkNmRhMTdhZDk1MQ%3D%3D"",""type"":""application/x-mpegURL"",""ext_x_version"":""7"",""uploaded_at"":""2026-04-21T15:30:53.042Z""},{""src"":""https://manifest.prod.boltdns.net/manifest/v2/hls/v7/clear/avc1_mp4a/2717258960001/158f293c-276b-42ef-93de-e7cd1e399aa0/10s/master.m3u8?fastly_token=NjllODAyYmRfMDUxNDExMDMxYTg5ZmZkNjgxZDNiZDc3MGY5YmFiMzA1NzBjNzg0YWYxOWM4ZDUzZjg5OTVkNmRhMTdhZDk1MQ%3D%3D"",""type"":""application/x-mpegURL"",""ext_x_version"":""7"",""uploaded_at"":""2026-04-21T15:30:53.042Z""},{""src"":""http://manifest.prod.boltdns.net/manifest/v1/dash/live-baseurl/clear/2717258960001/158f293c-276b-42ef-93de-e7cd1e399aa0/6s/manifest.mpd?fastly_token=NjllODAyYmRfODQ3MWQ1YTUyZTA3MDE4YmU5MWNiMWY2ZjJlZTVkZDAwMWVlNmE4YjliYjQzNDExMGUyNWM0ZjlmY2Y2ODRhZg%3D%3D"",""type"":""application/dash+xml"",""profiles"":""urn:mpeg:dash:profile:isoff-live:2011"",""uploaded_at"":""2026-04-21T15:30:53.042Z""},{""src"":""https://manifest.prod.boltdns.net/manifest/v1/dash/live-baseurl/clear/2717258960001/158f293c-276b-42ef-93de-e7cd1e399aa0/6s/manifest.mpd?fastly_token=NjllODAyYmRfODQ3MWQ1YTUyZTA3MDE4YmU5MWNiMWY2ZjJlZTVkZDAwMWVlNmE4YjliYjQzNDExMGUyNWM0ZjlmY2Y2ODRhZg%3D%3D"",""type"":""application/dash+xml"",""profiles"":""urn:mpeg:dash:profile:isoff-live:2011"",""uploaded_at"":""2026-04-21T15:30:53.042Z""},{""src"":""http://manifest.prod.boltdns.net/manifest/v2/dash/live-baseurl/clear/avc1_mp4a/2717258960001/158f293c-276b-42ef-93de-e7cd1e399aa0/6s/manifest.mpd?fastly_token=NjllODAyYmRfY2RhNzFhMjlkOTRmNGFmMzQ5YzU5NzZkNjQ3NjM5YjAxZDE0ZWI1YWZhMjg4OGJjMWU4NmJjNzg3Y2RhMTM3NQ%3D%3D"",""type"":""application/dash+xml"",""profiles"":""urn:mpeg:dash:profile:isoff-live:2011"",""uploaded_at"":""2026-04-21T15:30:53.042Z""},{""src"":""https://manifest.prod.boltdns.net/manifest/v2/dash/live-baseurl/clear/avc1_mp4a/2717258960001/158f293c-276b-42ef-93de-e7cd1e399aa0/6s/manifest.mpd?fastly_token=NjllODAyYmRfY2RhNzFhMjlkOTRmNGFmMzQ5YzU5NzZkNjQ3NjM5YjAxZDE0ZWI1YWZhMjg4OGJjMWU4NmJjNzg3Y2RhMTM3NQ%3D%3D"",""type"":""application/dash+xml"",""profiles"":""urn:mpeg:dash:profile:isoff-live:2011"",""uploaded_at"":""2026-04-21T15:30:53.042Z""}]"
Training Essentials Lesson 04,6393557531112,2717258960001,,,TRUE,2026-04-21T15:30:34.234Z,"{""type"":""user"",""id"":""76076330233"",""email"":""norm.kirchner@emerson.com""}",[],{},dynamic_origin,,,342239,,AD_SUPPORTED,69e78f05a07b3eae7221ea62,,TRUE,"{""thumbnail"":{""src"":""https://cf-images.us-east-1.prod.boltdns.net/v1/jit/2717258960001/39432a7e-d307-4865-b4ac-d32ef3c57207/main/160x90/2m51s119ms/match/image.jpg"",""sources"":[{""src"":""https://cf-images.us-east-1.prod.boltdns.net/v1/jit/2717258960001/39432a7e-d307-4865-b4ac-d32ef3c57207/main/160x90/2m51s119ms/match/image.jpg"",""height"":90,""width"":160}]},""poster"":{""src"":""https://cf-images.us-east-1.prod.boltdns.net/v1/jit/2717258960001/39432a7e-d307-4865-b4ac-d32ef3c57207/main/1280x720/2m51s119ms/match/image.jpg"",""sources"":[{""src"":""https://cf-images.us-east-1.prod.boltdns.net/v1/jit/2717258960001/39432a7e-d307-4865-b4ac-d32ef3c57207/main/1280x720/2m51s119ms/match/image.jpg"",""height"":720,""width"":1280}]}}",,,08 - DAQmx API Part 1,08 - DAQmx API Part 1.mp4,,2026-04-21T15:30:34.234Z,,,,ACTIVE,"[""protected""]",[],[],2026-04-21T15:39:57.056Z,"{""type"":""user"",""id"":""76076330233"",""email"":""norm.kirchner@emerson.com""}",primary,6198c17bbbdc42a4bb60a41f,"[{""src"":""http://manifest.prod.boltdns.net/manifest/v1/hls/v4/clear/2717258960001/39432a7e-d307-4865-b4ac-d32ef3c57207/10s/master.m3u8?fastly_token=NjllODAzMzZfZmRjMjBkMGQ1NGNjNzNkODE5ODM4ODk3N2NmN2Q5NWE2Mjc5MWUxNTJjODdjMTAwZDRiMmFjODE2MTBhNDY2OA%3D%3D"",""type"":""application/x-mpegURL"",""ext_x_version"":""4"",""uploaded_at"":""2026-04-21T15:30:50.151Z""},{""src"":""https://manifest.prod.boltdns.net/manifest/v1/hls/v4/clear/2717258960001/39432a7e-d307-4865-b4ac-d32ef3c57207/10s/master.m3u8?fastly_token=NjllODAzMzZfZmRjMjBkMGQ1NGNjNzNkODE5ODM4ODk3N2NmN2Q5NWE2Mjc5MWUxNTJjODdjMTAwZDRiMmFjODE2MTBhNDY2OA%3D%3D"",""type"":""application/x-mpegURL"",""ext_x_version"":""4"",""uploaded_at"":""2026-04-21T15:30:50.151Z""},{""src"":""http://manifest.prod.boltdns.net/manifest/v2/hls/v7/clear/avc1_mp4a/2717258960001/39432a7e-d307-4865-b4ac-d32ef3c57207/10s/master.m3u8?fastly_token=NjllODAzMzZfNDljNzk2YTc1OTc0NGQ0ZjAzMzQ0ODk4OGM1ZjgyMTQwZWRjZjZmYjVjNWQxMzczZWFmZTM5NmVjY2M5MGYwMg%3D%3D"",""type"":""application/x-mpegURL"",""ext_x_version"":""7"",""uploaded_at"":""2026-04-21T15:30:50.151Z""},{""src"":""https://manifest.prod.boltdns.net/manifest/v2/hls/v7/clear/avc1_mp4a/2717258960001/39432a7e-d307-4865-b4ac-d32ef3c57207/10s/master.m3u8?fastly_token=NjllODAzMzZfNDljNzk2YTc1OTc0NGQ0ZjAzMzQ0ODk4OGM1ZjgyMTQwZWRjZjZmYjVjNWQxMzczZWFmZTM5NmVjY2M5MGYwMg%3D%3D"",""type"":""application/x-mpegURL"",""ext_x_version"":""7"",""uploaded_at"":""2026-04-21T15:30:50.151Z""},{""src"":""http://manifest.prod.boltdns.net/manifest/v1/dash/live-baseurl/clear/2717258960001/39432a7e-d307-4865-b4ac-d32ef3c57207/6s/manifest.mpd?fastly_token=NjllODAzMzZfNzU4MWViNjc1ZmU5ZjlhNDMxMTY1N2YwYTM5NmZmOTc3OTExYzdiZTY0OGIwYTdmYTQzNGJiZWIzOWFlNDE0ZQ%3D%3D"",""type"":""application/dash+xml"",""profiles"":""urn:mpeg:dash:profile:isoff-live:2011"",""uploaded_at"":""2026-04-21T15:30:50.151Z""},{""src"":""https://manifest.prod.boltdns.net/manifest/v1/dash/live-baseurl/clear/2717258960001/39432a7e-d307-4865-b4ac-d32ef3c57207/6s/manifest.mpd?fastly_token=NjllODAzMzZfNzU4MWViNjc1ZmU5ZjlhNDMxMTY1N2YwYTM5NmZmOTc3OTExYzdiZTY0OGIwYTdmYTQzNGJiZWIzOWFlNDE0ZQ%3D%3D"",""type"":""application/dash+xml"",""profiles"":""urn:mpeg:dash:profile:isoff-live:2011"",""uploaded_at"":""2026-04-21T15:30:50.151Z""},{""src"":""http://manifest.prod.boltdns.net/manifest/v2/dash/live-baseurl/clear/avc1_mp4a/2717258960001/39432a7e-d307-4865-b4ac-d32ef3c57207/6s/manifest.mpd?fastly_token=NjllODAzMzZfYmY1NTQ5MjNlNzJlYzFkOGYzODExM2ViOTZhMjZmZTFjZjdlYWMzYjhmZTAwNDM0OGMyZDc1ZDdlMzVkZDdmMQ%3D%3D"",""type"":""application/dash+xml"",""profiles"":""urn:mpeg:dash:profile:isoff-live:2011"",""uploaded_at"":""2026-04-21T15:30:50.151Z""},{""src"":""https://manifest.prod.boltdns.net/manifest/v2/dash/live-baseurl/clear/avc1_mp4a/2717258960001/39432a7e-d307-4865-b4ac-d32ef3c57207/6s/manifest.mpd?fastly_token=NjllODAzMzZfYmY1NTQ5MjNlNzJlYzFkOGYzODExM2ViOTZhMjZmZTFjZjdlYWMzYjhmZTAwNDM0OGMyZDc1ZDdlMzVkZDdmMQ%3D%3D"",""type"":""application/dash+xml"",""profiles"":""urn:mpeg:dash:profile:isoff-live:2011"",""uploaded_at"":""2026-04-21T15:30:50.151Z""}]"
Training Essentials Lesson 04,6393556637112,2717258960001,,,TRUE,2026-04-21T15:30:34.265Z,"{""type"":""user"",""id"":""76076330233"",""email"":""norm.kirchner@emerson.com""}",[],{},dynamic_origin,,,433726,,AD_SUPPORTED,69e78f05a07b3eae7221ea62,,TRUE,"{""poster"":{""src"":""https://cf-images.us-east-1.prod.boltdns.net/v1/jit/2717258960001/bec85314-a468-42e6-a10a-204dfa7449d1/main/1280x720/3m36s863ms/match/image.jpg"",""sources"":[{""src"":""https://cf-images.us-east-1.prod.boltdns.net/v1/jit/2717258960001/bec85314-a468-42e6-a10a-204dfa7449d1/main/1280x720/3m36s863ms/match/image.jpg"",""height"":720,""width"":1280}]},""thumbnail"":{""src"":""https://cf-images.us-east-1.prod.boltdns.net/v1/jit/2717258960001/bec85314-a468-42e6-a10a-204dfa7449d1/main/160x90/3m36s863ms/match/image.jpg"",""sources"":[{""src"":""https://cf-images.us-east-1.prod.boltdns.net/v1/jit/2717258960001/bec85314-a468-42e6-a10a-204dfa7449d1/main/160x90/3m36s863ms/match/image.jpg"",""height"":90,""width"":160}]}}",,,09 - DAQmx API Part 2,09 - DAQmx API Part 2.mp4,,2026-04-21T15:30:34.265Z,,,,ACTIVE,"[""protected""]",[],[],2026-04-21T15:39:57.056Z,"{""type"":""user"",""id"":""76076330233"",""email"":""norm.kirchner@emerson.com""}",primary,6198c17bbbdc42a4bb60a41f,"[{""src"":""http://manifest.prod.boltdns.net/manifest/v1/hls/v4/clear/2717258960001/bec85314-a468-42e6-a10a-204dfa7449d1/10s/master.m3u8?fastly_token=NjllODAzYTFfYTlkYzY5MTliNDUzOTZkODc2YmI2NzU5YzE2ODBmY2VlMTBmN2I1N2IzMDYxMmNjNmExYThkNzczNDE2ZTc3ZQ%3D%3D"",""type"":""application/x-mpegURL"",""ext_x_version"":""4"",""uploaded_at"":""2026-04-21T15:30:52.704Z""},{""src"":""https://manifest.prod.boltdns.net/manifest/v1/hls/v4/clear/2717258960001/bec85314-a468-42e6-a10a-204dfa7449d1/10s/master.m3u8?fastly_token=NjllODAzYTFfYTlkYzY5MTliNDUzOTZkODc2YmI2NzU5YzE2ODBmY2VlMTBmN2I1N2IzMDYxMmNjNmExYThkNzczNDE2ZTc3ZQ%3D%3D"",""type"":""application/x-mpegURL"",""ext_x_version"":""4"",""uploaded_at"":""2026-04-21T15:30:52.704Z""},{""src"":""http://manifest.prod.boltdns.net/manifest/v2/hls/v7/clear/avc1_mp4a/2717258960001/bec85314-a468-42e6-a10a-204dfa7449d1/10s/master.m3u8?fastly_token=NjllODAzYTFfZDRjNWMyNGY0MGRkYWM2ZTMwZDJkMmEzY2JmY2RjMTg1MzgzMDZhYWFkZjAxNzRkNTcxYmE2OTFhYWU4YmI1Nw%3D%3D"",""type"":""application/x-mpegURL"",""ext_x_version"":""7"",""uploaded_at"":""2026-04-21T15:30:52.704Z""},{""src"":""https://manifest.prod.boltdns.net/manifest/v2/hls/v7/clear/avc1_mp4a/2717258960001/bec85314-a468-42e6-a10a-204dfa7449d1/10s/master.m3u8?fastly_token=NjllODAzYTFfZDRjNWMyNGY0MGRkYWM2ZTMwZDJkMmEzY2JmY2RjMTg1MzgzMDZhYWFkZjAxNzRkNTcxYmE2OTFhYWU4YmI1Nw%3D%3D"",""type"":""application/x-mpegURL"",""ext_x_version"":""7"",""uploaded_at"":""2026-04-21T15:30:52.704Z""},{""src"":""http://manifest.prod.boltdns.net/manifest/v1/dash/live-baseurl/clear/2717258960001/bec85314-a468-42e6-a10a-204dfa7449d1/6s/manifest.mpd?fastly_token=NjllODAzYTFfMDc5ZjQ4MjM0N2JjOGVlOWFkYTZkNTNhMDY5YTIxODEzZTNmOGRlMjNlYTE2NmYyZTBiMWVjMjFlNWM3ZWJjMA%3D%3D"",""type"":""application/dash+xml"",""profiles"":""urn:mpeg:dash:profile:isoff-live:2011"",""uploaded_at"":""2026-04-21T15:30:52.704Z""},{""src"":""https://manifest.prod.boltdns.net/manifest/v1/dash/live-baseurl/clear/2717258960001/bec85314-a468-42e6-a10a-204dfa7449d1/6s/manifest.mpd?fastly_token=NjllODAzYTFfMDc5ZjQ4MjM0N2JjOGVlOWFkYTZkNTNhMDY5YTIxODEzZTNmOGRlMjNlYTE2NmYyZTBiMWVjMjFlNWM3ZWJjMA%3D%3D"",""type"":""application/dash+xml"",""profiles"":""urn:mpeg:dash:profile:isoff-live:2011"",""uploaded_at"":""2026-04-21T15:30:52.704Z""},{""src"":""http://manifest.prod.boltdns.net/manifest/v2/dash/live-baseurl/clear/avc1_mp4a/2717258960001/bec85314-a468-42e6-a10a-204dfa7449d1/6s/manifest.mpd?fastly_token=NjllODAzYTFfOGQ4ZDE1MTM3NzQyYmU1MzcwYjBhMzU2MTA5YmY3ZmM3ZjUyZWY2M2M4MzVkNDRmYmY0Nzg2ZDEyOWJmY2ViZA%3D%3D"",""type"":""application/dash+xml"",""profiles"":""urn:mpeg:dash:profile:isoff-live:2011"",""uploaded_at"":""2026-04-21T15:30:52.704Z""},{""src"":""https://manifest.prod.boltdns.net/manifest/v2/dash/live-baseurl/clear/avc1_mp4a/2717258960001/bec85314-a468-42e6-a10a-204dfa7449d1/6s/manifest.mpd?fastly_token=NjllODAzYTFfOGQ4ZDE1MTM3NzQyYmU1MzcwYjBhMzU2MTA5YmY3ZmM3ZjUyZWY2M2M4MzVkNDRmYmY0Nzg2ZDEyOWJmY2ViZA%3D%3D"",""type"":""application/dash+xml"",""profiles"":""urn:mpeg:dash:profile:isoff-live:2011"",""uploaded_at"":""2026-04-21T15:30:52.704Z""}]"
Training Essentials Lesson 04,6393556638112,2717258960001,,,TRUE,2026-04-21T15:30:34.519Z,"{""type"":""user"",""id"":""76076330233"",""email"":""norm.kirchner@emerson.com""}",[],{},dynamic_origin,,,356589,,AD_SUPPORTED,69e78f05a07b3eae7221ea62,,TRUE,"{""poster"":{""src"":""https://cf-images.us-east-1.prod.boltdns.net/v1/jit/2717258960001/9656812f-baea-4b4b-8a2c-c05d56efccbc/main/1280x720/2m58s294ms/match/image.jpg"",""sources"":[{""src"":""https://cf-images.us-east-1.prod.boltdns.net/v1/jit/2717258960001/9656812f-baea-4b4b-8a2c-c05d56efccbc/main/1280x720/2m58s294ms/match/image.jpg"",""height"":720,""width"":1280}]},""thumbnail"":{""src"":""https://cf-images.us-east-1.prod.boltdns.net/v1/jit/2717258960001/9656812f-baea-4b4b-8a2c-c05d56efccbc/main/160x90/2m58s294ms/match/image.jpg"",""sources"":[{""src"":""https://cf-images.us-east-1.prod.boltdns.net/v1/jit/2717258960001/9656812f-baea-4b4b-8a2c-c05d56efccbc/main/160x90/2m58s294ms/match/image.jpg"",""height"":90,""width"":160}]}}",,,10 - DAQmx Pro Tips,10 - DAQmx Pro Tips.mp4,,2026-04-21T15:30:34.518Z,,,,ACTIVE,"[""protected""]",[],[],2026-04-21T15:39:57.056Z,"{""type"":""user"",""id"":""76076330233"",""email"":""norm.kirchner@emerson.com""}",primary,6198c17bbbdc42a4bb60a41f,"[{""src"":""http://manifest.prod.boltdns.net/manifest/v1/hls/v4/clear/2717258960001/9656812f-baea-4b4b-8a2c-c05d56efccbc/10s/master.m3u8?fastly_token=NjllODAzNDdfNmYyZmU2OTQ0ZGJiMzNkN2ExNzRjZGJmODdjNjg1OTYyZTU1OThiM2Q3NzkyNTViZGIzZGU4MzFlNDA5MzE3Ng%3D%3D"",""type"":""application/x-mpegURL"",""ext_x_version"":""4"",""uploaded_at"":""2026-04-21T15:30:52.120Z""},{""src"":""https://manifest.prod.boltdns.net/manifest/v1/hls/v4/clear/2717258960001/9656812f-baea-4b4b-8a2c-c05d56efccbc/10s/master.m3u8?fastly_token=NjllODAzNDdfNmYyZmU2OTQ0ZGJiMzNkN2ExNzRjZGJmODdjNjg1OTYyZTU1OThiM2Q3NzkyNTViZGIzZGU4MzFlNDA5MzE3Ng%3D%3D"",""type"":""application/x-mpegURL"",""ext_x_version"":""4"",""uploaded_at"":""2026-04-21T15:30:52.120Z""},{""src"":""http://manifest.prod.boltdns.net/manifest/v2/hls/v7/clear/avc1_mp4a/2717258960001/9656812f-baea-4b4b-8a2c-c05d56efccbc/10s/master.m3u8?fastly_token=NjllODAzNDdfNWVmYjY5ZTlkMWQzYzVhN2JkZDQyMDM5OGQ2MjE2NjI4NDliNjQ4OGU2NTAwOWYxNWFjYWQxNTNlZDY3NGE3Yg%3D%3D"",""type"":""application/x-mpegURL"",""ext_x_version"":""7"",""uploaded_at"":""2026-04-21T15:30:52.120Z""},{""src"":""https://manifest.prod.boltdns.net/manifest/v2/hls/v7/clear/avc1_mp4a/2717258960001/9656812f-baea-4b4b-8a2c-c05d56efccbc/10s/master.m3u8?fastly_token=NjllODAzNDdfNWVmYjY5ZTlkMWQzYzVhN2JkZDQyMDM5OGQ2MjE2NjI4NDliNjQ4OGU2NTAwOWYxNWFjYWQxNTNlZDY3NGE3Yg%3D%3D"",""type"":""application/x-mpegURL"",""ext_x_version"":""7"",""uploaded_at"":""2026-04-21T15:30:52.120Z""},{""src"":""http://manifest.prod.boltdns.net/manifest/v1/dash/live-baseurl/clear/2717258960001/9656812f-baea-4b4b-8a2c-c05d56efccbc/6s/manifest.mpd?fastly_token=NjllODAzNDdfMzVlNzc3NTRiNzAzMWJhMzI3MDJjZjZmYTViY2ZmMmMwMmY5NzVlNmFjOWE3Zjg3ZDQyY2Q2NGI5ZGZlOGQ0OQ%3D%3D"",""type"":""application/dash+xml"",""profiles"":""urn:mpeg:dash:profile:isoff-live:2011"",""uploaded_at"":""2026-04-21T15:30:52.120Z""},{""src"":""https://manifest.prod.boltdns.net/manifest/v1/dash/live-baseurl/clear/2717258960001/9656812f-baea-4b4b-8a2c-c05d56efccbc/6s/manifest.mpd?fastly_token=NjllODAzNDdfMzVlNzc3NTRiNzAzMWJhMzI3MDJjZjZmYTViY2ZmMmMwMmY5NzVlNmFjOWE3Zjg3ZDQyY2Q2NGI5ZGZlOGQ0OQ%3D%3D"",""type"":""application/dash+xml"",""profiles"":""urn:mpeg:dash:profile:isoff-live:2011"",""uploaded_at"":""2026-04-21T15:30:52.120Z""},{""src"":""http://manifest.prod.boltdns.net/manifest/v2/dash/live-baseurl/clear/avc1_mp4a/2717258960001/9656812f-baea-4b4b-8a2c-c05d56efccbc/6s/manifest.mpd?fastly_token=NjllODAzNDdfYmNlNjg4MmU0MTNkZjY1OGIxZTJiMzc1MmRkZWY5YWQxMjhjZjYzYjc1Y2U0YjQwMDEwYjk3YmE5N2YyNzlmZg%3D%3D"",""type"":""application/dash+xml"",""profiles"":""urn:mpeg:dash:profile:isoff-live:2011"",""uploaded_at"":""2026-04-21T15:30:52.120Z""},{""src"":""https://manifest.prod.boltdns.net/manifest/v2/dash/live-baseurl/clear/avc1_mp4a/2717258960001/9656812f-baea-4b4b-8a2c-c05d56efccbc/6s/manifest.mpd?fastly_token=NjllODAzNDdfYmNlNjg4MmU0MTNkZjY1OGIxZTJiMzc1MmRkZWY5YWQxMjhjZjYzYjc1Y2U0YjQwMDEwYjk3YmE5N2YyNzlmZg%3D%3D"",""type"":""application/dash+xml"",""profiles"":""urn:mpeg:dash:profile:isoff-live:2011"",""uploaded_at"":""2026-04-21T15:30:52.120Z""}]"
Training Essentials Lesson 04,6393557128112,2717258960001,,,TRUE,2026-04-21T15:30:34.665Z,"{""type"":""user"",""id"":""76076330233"",""email"":""norm.kirchner@emerson.com""}",[],{},dynamic_origin,,,228554,,AD_SUPPORTED,69e78f05a07b3eae7221ea62,,TRUE,"{""poster"":{""src"":""https://cf-images.us-east-1.prod.boltdns.net/v1/jit/2717258960001/53707f85-25d1-4927-b80c-8856f1047f78/main/1280x720/1m54s277ms/match/image.jpg"",""sources"":[{""src"":""https://cf-images.us-east-1.prod.boltdns.net/v1/jit/2717258960001/53707f85-25d1-4927-b80c-8856f1047f78/main/1280x720/1m54s277ms/match/image.jpg"",""height"":720,""width"":1280}]},""thumbnail"":{""src"":""https://cf-images.us-east-1.prod.boltdns.net/v1/jit/2717258960001/53707f85-25d1-4927-b80c-8856f1047f78/main/160x90/1m54s277ms/match/image.jpg"",""sources"":[{""src"":""https://cf-images.us-east-1.prod.boltdns.net/v1/jit/2717258960001/53707f85-25d1-4927-b80c-8856f1047f78/main/160x90/1m54s277ms/match/image.jpg"",""height"":90,""width"":160}]}}",,,11 - Using Non-NI Instruments,11 - Using Non-NI Instruments.mp4,,2026-04-21T15:30:34.664Z,,,,ACTIVE,"[""protected""]",[],[],2026-04-21T15:39:57.056Z,"{""type"":""user"",""id"":""76076330233"",""email"":""norm.kirchner@emerson.com""}",primary,6198c17bbbdc42a4bb60a41f,"[{""src"":""http://manifest.prod.boltdns.net/manifest/v1/hls/v4/clear/2717258960001/53707f85-25d1-4927-b80c-8856f1047f78/10s/master.m3u8?fastly_token=NjllODAyYjJfZWQxMDgzMjJmZjk0YzI4M2M1NjU1ZTE2ODkzZTExYTNhOTE3ZTIwOTU4Y2UxYzIxNWVjMjc3N2JmMzAyMzg1Ng%3D%3D"",""type"":""application/x-mpegURL"",""ext_x_version"":""4"",""uploaded_at"":""2026-04-21T15:30:50.222Z""},{""src"":""https://manifest.prod.boltdns.net/manifest/v1/hls/v4/clear/2717258960001/53707f85-25d1-4927-b80c-8856f1047f78/10s/master.m3u8?fastly_token=NjllODAyYjJfZWQxMDgzMjJmZjk0YzI4M2M1NjU1ZTE2ODkzZTExYTNhOTE3ZTIwOTU4Y2UxYzIxNWVjMjc3N2JmMzAyMzg1Ng%3D%3D"",""type"":""application/x-mpegURL"",""ext_x_version"":""4"",""uploaded_at"":""2026-04-21T15:30:50.222Z""},{""src"":""http://manifest.prod.boltdns.net/manifest/v2/hls/v7/clear/avc1_mp4a/2717258960001/53707f85-25d1-4927-b80c-8856f1047f78/10s/master.m3u8?fastly_token=NjllODAyYjJfOTA0ZWIyMjkwMDZjOWZhMTUxMDQ4MDFjZjE3YjYxYWNkNTUwM2ViYmVhNTAyNmM4MGVmNjQxYjBmZTM2MTlmYg%3D%3D"",""type"":""application/x-mpegURL"",""ext_x_version"":""7"",""uploaded_at"":""2026-04-21T15:30:50.222Z""},{""src"":""https://manifest.prod.boltdns.net/manifest/v2/hls/v7/clear/avc1_mp4a/2717258960001/53707f85-25d1-4927-b80c-8856f1047f78/10s/master.m3u8?fastly_token=NjllODAyYjJfOTA0ZWIyMjkwMDZjOWZhMTUxMDQ4MDFjZjE3YjYxYWNkNTUwM2ViYmVhNTAyNmM4MGVmNjQxYjBmZTM2MTlmYg%3D%3D"",""type"":""application/x-mpegURL"",""ext_x_version"":""7"",""uploaded_at"":""2026-04-21T15:30:50.222Z""},{""src"":""http://manifest.prod.boltdns.net/manifest/v1/dash/live-baseurl/clear/2717258960001/53707f85-25d1-4927-b80c-8856f1047f78/6s/manifest.mpd?fastly_token=NjllODAyYjJfZjQ0ZjY4YzA2NWFmYzVmMWI1MTIyM2QxZTA2ZTIwMGVkOTQ1MDgzZDM2OTNiOTRkMzYwYWU3YmVmN2E1MDI4MQ%3D%3D"",""type"":""application/dash+xml"",""profiles"":""urn:mpeg:dash:profile:isoff-live:2011"",""uploaded_at"":""2026-04-21T15:30:50.222Z""},{""src"":""https://manifest.prod.boltdns.net/manifest/v1/dash/live-baseurl/clear/2717258960001/53707f85-25d1-4927-b80c-8856f1047f78/6s/manifest.mpd?fastly_token=NjllODAyYjJfZjQ0ZjY4YzA2NWFmYzVmMWI1MTIyM2QxZTA2ZTIwMGVkOTQ1MDgzZDM2OTNiOTRkMzYwYWU3YmVmN2E1MDI4MQ%3D%3D"",""type"":""application/dash+xml"",""profiles"":""urn:mpeg:dash:profile:isoff-live:2011"",""uploaded_at"":""2026-04-21T15:30:50.222Z""},{""src"":""http://manifest.prod.boltdns.net/manifest/v2/dash/live-baseurl/clear/avc1_mp4a/2717258960001/53707f85-25d1-4927-b80c-8856f1047f78/6s/manifest.mpd?fastly_token=NjllODAyYjJfZGM3ZmYyYzcyNGNmNjhlM2QxY2MxN2QzMjIzMWY4OWJiNTZlNzUyN2E1NDNjYjdiMzQ1NzAxOWZkZTJlYTNjMQ%3D%3D"",""type"":""application/dash+xml"",""profiles"":""urn:mpeg:dash:profile:isoff-live:2011"",""uploaded_at"":""2026-04-21T15:30:50.222Z""},{""src"":""https://manifest.prod.boltdns.net/manifest/v2/dash/live-baseurl/clear/avc1_mp4a/2717258960001/53707f85-25d1-4927-b80c-8856f1047f78/6s/manifest.mpd?fastly_token=NjllODAyYjJfZGM3ZmYyYzcyNGNmNjhlM2QxY2MxN2QzMjIzMWY4OWJiNTZlNzUyN2E1NDNjYjdiMzQ1NzAxOWZkZTJlYTNjMQ%3D%3D"",""type"":""application/dash+xml"",""profiles"":""urn:mpeg:dash:profile:isoff-live:2011"",""uploaded_at"":""2026-04-21T15:30:50.222Z""}]"
Training Essentials Lesson 04,6393557713112,2717258960001,,,TRUE,2026-04-21T15:30:34.835Z,"{""type"":""user"",""id"":""76076330233"",""email"":""norm.kirchner@emerson.com""}",[],{},dynamic_origin,,,572116,,AD_SUPPORTED,69e78f05a07b3eae7221ea62,,TRUE,"{""thumbnail"":{""src"":""https://cf-images.us-east-1.prod.boltdns.net/v1/jit/2717258960001/296a5356-e9db-49bd-a3f2-528c0d59f957/main/160x90/4m46s58ms/match/image.jpg"",""sources"":[{""src"":""https://cf-images.us-east-1.prod.boltdns.net/v1/jit/2717258960001/296a5356-e9db-49bd-a3f2-528c0d59f957/main/160x90/4m46s58ms/match/image.jpg"",""height"":90,""width"":160}]},""poster"":{""src"":""https://cf-images.us-east-1.prod.boltdns.net/v1/jit/2717258960001/296a5356-e9db-49bd-a3f2-528c0d59f957/main/1280x720/4m46s58ms/match/image.jpg"",""sources"":[{""src"":""https://cf-images.us-east-1.prod.boltdns.net/v1/jit/2717258960001/296a5356-e9db-49bd-a3f2-528c0d59f957/main/1280x720/4m46s58ms/match/image.jpg"",""height"":720,""width"":1280}]}}",,,12 - Connecting to a Serial Instrument,12 - Connecting to a Serial Instrument.mp4,,2026-04-21T15:30:34.835Z,,,,ACTIVE,"[""protected""]",[],[],2026-04-21T15:39:57.056Z,"{""type"":""user"",""id"":""76076330233"",""email"":""norm.kirchner@emerson.com""}",primary,6198c17bbbdc42a4bb60a41f,"[{""src"":""http://manifest.prod.boltdns.net/manifest/v1/hls/v4/clear/2717258960001/296a5356-e9db-49bd-a3f2-528c0d59f957/10s/master.m3u8?fastly_token=NjllODA0NDJfOWY5OWZjM2MwMTE0Nzg2OTljYWMxNWUyMjUxODcyOTg2MWIxMmQ1MTYyYjVlZTE1MmFkOTc0MTUzOGExNjA1Ng%3D%3D"",""type"":""application/x-mpegURL"",""ext_x_version"":""4"",""uploaded_at"":""2026-04-21T15:30:54.708Z""},{""src"":""https://manifest.prod.boltdns.net/manifest/v1/hls/v4/clear/2717258960001/296a5356-e9db-49bd-a3f2-528c0d59f957/10s/master.m3u8?fastly_token=NjllODA0NDJfOWY5OWZjM2MwMTE0Nzg2OTljYWMxNWUyMjUxODcyOTg2MWIxMmQ1MTYyYjVlZTE1MmFkOTc0MTUzOGExNjA1Ng%3D%3D"",""type"":""application/x-mpegURL"",""ext_x_version"":""4"",""uploaded_at"":""2026-04-21T15:30:54.708Z""},{""src"":""http://manifest.prod.boltdns.net/manifest/v2/hls/v7/clear/avc1_mp4a/2717258960001/296a5356-e9db-49bd-a3f2-528c0d59f957/10s/master.m3u8?fastly_token=NjllODA0NDJfM2E1NDJkYzQ0OWRjMGNjMjU5ODc1YTI2OTNkNjAxODlkNTM4ZWIxMjRjNDc5ZDZjNjkzOTJlZTY5N2UxNzVkOA%3D%3D"",""type"":""application/x-mpegURL"",""ext_x_version"":""7"",""uploaded_at"":""2026-04-21T15:30:54.708Z""},{""src"":""https://manifest.prod.boltdns.net/manifest/v2/hls/v7/clear/avc1_mp4a/2717258960001/296a5356-e9db-49bd-a3f2-528c0d59f957/10s/master.m3u8?fastly_token=NjllODA0NDJfM2E1NDJkYzQ0OWRjMGNjMjU5ODc1YTI2OTNkNjAxODlkNTM4ZWIxMjRjNDc5ZDZjNjkzOTJlZTY5N2UxNzVkOA%3D%3D"",""type"":""application/x-mpegURL"",""ext_x_version"":""7"",""uploaded_at"":""2026-04-21T15:30:54.708Z""},{""src"":""http://manifest.prod.boltdns.net/manifest/v1/dash/live-baseurl/clear/2717258960001/296a5356-e9db-49bd-a3f2-528c0d59f957/6s/manifest.mpd?fastly_token=NjllODA0NDJfYzJlMmJmOTNhOGU2MDA1ZGJmNWQ2MWJjYTA5YWI3OWMzMmJkY2RlMzFlZmYzZjljMTEyN2VlYTM3YjMwMTIzNQ%3D%3D"",""type"":""application/dash+xml"",""profiles"":""urn:mpeg:dash:profile:isoff-live:2011"",""uploaded_at"":""2026-04-21T15:30:54.708Z""},{""src"":""https://manifest.prod.boltdns.net/manifest/v1/dash/live-baseurl/clear/2717258960001/296a5356-e9db-49bd-a3f2-528c0d59f957/6s/manifest.mpd?fastly_token=NjllODA0NDJfYzJlMmJmOTNhOGU2MDA1ZGJmNWQ2MWJjYTA5YWI3OWMzMmJkY2RlMzFlZmYzZjljMTEyN2VlYTM3YjMwMTIzNQ%3D%3D"",""type"":""application/dash+xml"",""profiles"":""urn:mpeg:dash:profile:isoff-live:2011"",""uploaded_at"":""2026-04-21T15:30:54.708Z""},{""src"":""http://manifest.prod.boltdns.net/manifest/v2/dash/live-baseurl/clear/avc1_mp4a/2717258960001/296a5356-e9db-49bd-a3f2-528c0d59f957/6s/manifest.mpd?fastly_token=NjllODA0NDJfNGE2NmNjNDU2OGIzOGZhNzU0MmRlM2RmYzExMDkzMWIwMWMzMTFjMzEwY2U3ZDk2MWI2Y2MyM2Q3YmU1OGY5Ng%3D%3D"",""type"":""application/dash+xml"",""profiles"":""urn:mpeg:dash:profile:isoff-live:2011"",""uploaded_at"":""2026-04-21T15:30:54.708Z""},{""src"":""https://manifest.prod.boltdns.net/manifest/v2/dash/live-baseurl/clear/avc1_mp4a/2717258960001/296a5356-e9db-49bd-a3f2-528c0d59f957/6s/manifest.mpd?fastly_token=NjllODA0NDJfNGE2NmNjNDU2OGIzOGZhNzU0MmRlM2RmYzExMDkzMWIwMWMzMTFjMzEwY2U3ZDk2MWI2Y2MyM2Q3YmU1OGY5Ng%3D%3D"",""type"":""application/dash+xml"",""profiles"":""urn:mpeg:dash:profile:isoff-live:2011"",""uploaded_at"":""2026-04-21T15:30:54.708Z""}]"
Training Essentials Lesson 04,6393558681112,2717258960001,,,TRUE,2026-04-21T15:30:34.697Z,"{""type"":""user"",""id"":""76076330233"",""email"":""norm.kirchner@emerson.com""}",[],{},dynamic_origin,,,334971,,AD_SUPPORTED,69e78f05a07b3eae7221ea62,,TRUE,"{""poster"":{""src"":""https://cf-images.us-east-1.prod.boltdns.net/v1/jit/2717258960001/326d7b89-0d8f-40e7-a2fd-cb450d41b6a0/main/1280x720/2m47s485ms/match/image.jpg"",""sources"":[{""src"":""https://cf-images.us-east-1.prod.boltdns.net/v1/jit/2717258960001/326d7b89-0d8f-40e7-a2fd-cb450d41b6a0/main/1280x720/2m47s485ms/match/image.jpg"",""height"":720,""width"":1280}]},""thumbnail"":{""src"":""https://cf-images.us-east-1.prod.boltdns.net/v1/jit/2717258960001/326d7b89-0d8f-40e7-a2fd-cb450d41b6a0/main/160x90/2m47s485ms/match/image.jpg"",""sources"":[{""src"":""https://cf-images.us-east-1.prod.boltdns.net/v1/jit/2717258960001/326d7b89-0d8f-40e7-a2fd-cb450d41b6a0/main/160x90/2m47s485ms/match/image.jpg"",""height"":90,""width"":160}]}}",,,13 - NI Instrument Driver Network,13 - NI Instrument Driver Network.mp4,,2026-04-21T15:30:34.696Z,,,,ACTIVE,"[""protected""]",[],[],2026-04-21T15:39:57.056Z,"{""type"":""user"",""id"":""76076330233"",""email"":""norm.kirchner@emerson.com""}",primary,6198c17bbbdc42a4bb60a41f,"[{""src"":""http://manifest.prod.boltdns.net/manifest/v1/hls/v4/clear/2717258960001/326d7b89-0d8f-40e7-a2fd-cb450d41b6a0/10s/master.m3u8?fastly_token=NjllODAzMmVfZTI4MDdiMmE4MmI5OGI2MjFmNTFhMTU0MTU5MWVhZTU1NGNhODAzMDYwZGYyOTI4NTNjOTI1ZDg4NmFkMTkyZQ%3D%3D"",""type"":""application/x-mpegURL"",""ext_x_version"":""4"",""uploaded_at"":""2026-04-21T15:30:56.037Z""},{""src"":""https://manifest.prod.boltdns.net/manifest/v1/hls/v4/clear/2717258960001/326d7b89-0d8f-40e7-a2fd-cb450d41b6a0/10s/master.m3u8?fastly_token=NjllODAzMmVfZTI4MDdiMmE4MmI5OGI2MjFmNTFhMTU0MTU5MWVhZTU1NGNhODAzMDYwZGYyOTI4NTNjOTI1ZDg4NmFkMTkyZQ%3D%3D"",""type"":""application/x-mpegURL"",""ext_x_version"":""4"",""uploaded_at"":""2026-04-21T15:30:56.037Z""},{""src"":""http://manifest.prod.boltdns.net/manifest/v2/hls/v7/clear/avc1_mp4a/2717258960001/326d7b89-0d8f-40e7-a2fd-cb450d41b6a0/10s/master.m3u8?fastly_token=NjllODAzMmVfMzEyZTVmZjcyODg4NjE5NDI3MmU2YzNlYzJhNGM0ZDk3ZTcyNGFlMDk5M2VjNDY1NjI2NzFjMDYyZjYyYjY5Mg%3D%3D"",""type"":""application/x-mpegURL"",""ext_x_version"":""7"",""uploaded_at"":""2026-04-21T15:30:56.037Z""},{""src"":""https://manifest.prod.boltdns.net/manifest/v2/hls/v7/clear/avc1_mp4a/2717258960001/326d7b89-0d8f-40e7-a2fd-cb450d41b6a0/10s/master.m3u8?fastly_token=NjllODAzMmVfMzEyZTVmZjcyODg4NjE5NDI3MmU2YzNlYzJhNGM0ZDk3ZTcyNGFlMDk5M2VjNDY1NjI2NzFjMDYyZjYyYjY5Mg%3D%3D"",""type"":""application/x-mpegURL"",""ext_x_version"":""7"",""uploaded_at"":""2026-04-21T15:30:56.037Z""},{""src"":""http://manifest.prod.boltdns.net/manifest/v1/dash/live-baseurl/clear/2717258960001/326d7b89-0d8f-40e7-a2fd-cb450d41b6a0/6s/manifest.mpd?fastly_token=NjllODAzMmVfNzgxZDhhMmQ1ZjQyZTkxMzI2N2YzOGE5ODQwN2UwNGRlOGU5MzM1OWFlMjE5MDIyNzY0ZGUxYmFiYjlmMDJhNA%3D%3D"",""type"":""application/dash+xml"",""profiles"":""urn:mpeg:dash:profile:isoff-live:2011"",""uploaded_at"":""2026-04-21T15:30:56.037Z""},{""src"":""https://manifest.prod.boltdns.net/manifest/v1/dash/live-baseurl/clear/2717258960001/326d7b89-0d8f-40e7-a2fd-cb450d41b6a0/6s/manifest.mpd?fastly_token=NjllODAzMmVfNzgxZDhhMmQ1ZjQyZTkxMzI2N2YzOGE5ODQwN2UwNGRlOGU5MzM1OWFlMjE5MDIyNzY0ZGUxYmFiYjlmMDJhNA%3D%3D"",""type"":""application/dash+xml"",""profiles"":""urn:mpeg:dash:profile:isoff-live:2011"",""uploaded_at"":""2026-04-21T15:30:56.037Z""},{""src"":""http://manifest.prod.boltdns.net/manifest/v2/dash/live-baseurl/clear/avc1_mp4a/2717258960001/326d7b89-0d8f-40e7-a2fd-cb450d41b6a0/6s/manifest.mpd?fastly_token=NjllODAzMmVfNGQ0ZmQ5MTVkOGI5MDljZTUxZWViMzZiNDY1ODk2OTU5NGU2ODE0MmRlYzRjNGIzMGU3Njc2MGNmMmE5OWUxMQ%3D%3D"",""type"":""application/dash+xml"",""profiles"":""urn:mpeg:dash:profile:isoff-live:2011"",""uploaded_at"":""2026-04-21T15:30:56.037Z""},{""src"":""https://manifest.prod.boltdns.net/manifest/v2/dash/live-baseurl/clear/avc1_mp4a/2717258960001/326d7b89-0d8f-40e7-a2fd-cb450d41b6a0/6s/manifest.mpd?fastly_token=NjllODAzMmVfNGQ0ZmQ5MTVkOGI5MDljZTUxZWViMzZiNDY1ODk2OTU5NGU2ODE0MmRlYzRjNGIzMGU3Njc2MGNmMmE5OWUxMQ%3D%3D"",""type"":""application/dash+xml"",""profiles"":""urn:mpeg:dash:profile:isoff-live:2011"",""uploaded_at"":""2026-04-21T15:30:56.037Z""}]"
Training Essentials Lesson 04,6393558777112,2717258960001,,,TRUE,2026-04-21T15:30:34.739Z,"{""type"":""user"",""id"":""76076330233"",""email"":""norm.kirchner@emerson.com""}",[],{},dynamic_origin,,,34807,,AD_SUPPORTED,69e78f05a07b3eae7221ea62,,TRUE,"{""poster"":{""src"":""https://cf-images.us-east-1.prod.boltdns.net/v1/jit/2717258960001/d4306daf-ad78-43ec-a6aa-5ad76986db0c/main/1280x720/17s403ms/match/image.jpg"",""sources"":[{""src"":""https://cf-images.us-east-1.prod.boltdns.net/v1/jit/2717258960001/d4306daf-ad78-43ec-a6aa-5ad76986db0c/main/1280x720/17s403ms/match/image.jpg"",""height"":720,""width"":1280}]},""thumbnail"":{""src"":""https://cf-images.us-east-1.prod.boltdns.net/v1/jit/2717258960001/d4306daf-ad78-43ec-a6aa-5ad76986db0c/main/160x90/17s403ms/match/image.jpg"",""sources"":[{""src"":""https://cf-images.us-east-1.prod.boltdns.net/v1/jit/2717258960001/d4306daf-ad78-43ec-a6aa-5ad76986db0c/main/160x90/17s403ms/match/image.jpg"",""height"":90,""width"":160}]}}",,,14 - Module Summary,14 - Module Summary.mp4,,2026-04-21T15:30:34.739Z,,,,ACTIVE,"[""protected""]",[],[],2026-04-21T15:39:57.056Z,"{""type"":""user"",""id"":""76076330233"",""email"":""norm.kirchner@emerson.com""}",primary,6198c17bbbdc42a4bb60a41f,"[{""src"":""http://manifest.prod.boltdns.net/manifest/v1/hls/v4/clear/2717258960001/d4306daf-ad78-43ec-a6aa-5ad76986db0c/10s/master.m3u8?fastly_token=NjllODAxZDBfNmU0MjU2NjcwNjAwNzYwMTc1YmZmZWMwZDUzNTQ2MjRkMjhlOWUzZTAzMjFiOTIwOWIyZWVlNjI1MDUxZDZhNw%3D%3D"",""type"":""application/x-mpegURL"",""ext_x_version"":""4"",""uploaded_at"":""2026-04-21T15:30:36.647Z""},{""src"":""https://manifest.prod.boltdns.net/manifest/v1/hls/v4/clear/2717258960001/d4306daf-ad78-43ec-a6aa-5ad76986db0c/10s/master.m3u8?fastly_token=NjllODAxZDBfNmU0MjU2NjcwNjAwNzYwMTc1YmZmZWMwZDUzNTQ2MjRkMjhlOWUzZTAzMjFiOTIwOWIyZWVlNjI1MDUxZDZhNw%3D%3D"",""type"":""application/x-mpegURL"",""ext_x_version"":""4"",""uploaded_at"":""2026-04-21T15:30:36.647Z""},{""src"":""http://manifest.prod.boltdns.net/manifest/v2/hls/v7/clear/avc1_mp4a/2717258960001/d4306daf-ad78-43ec-a6aa-5ad76986db0c/10s/master.m3u8?fastly_token=NjllODAxZDBfYmYwMzI3NmU1M2Y3MDAwYzJjZjNlMDNlMDhiYjEwMTA1MDNkZTVlZjU5MmYzMDRlYjE1MzI0MWExNDZmYzA0Ng%3D%3D"",""type"":""application/x-mpegURL"",""ext_x_version"":""7"",""uploaded_at"":""2026-04-21T15:30:36.647Z""},{""src"":""https://manifest.prod.boltdns.net/manifest/v2/hls/v7/clear/avc1_mp4a/2717258960001/d4306daf-ad78-43ec-a6aa-5ad76986db0c/10s/master.m3u8?fastly_token=NjllODAxZDBfYmYwMzI3NmU1M2Y3MDAwYzJjZjNlMDNlMDhiYjEwMTA1MDNkZTVlZjU5MmYzMDRlYjE1MzI0MWExNDZmYzA0Ng%3D%3D"",""type"":""application/x-mpegURL"",""ext_x_version"":""7"",""uploaded_at"":""2026-04-21T15:30:36.647Z""},{""src"":""http://manifest.prod.boltdns.net/manifest/v1/dash/live-baseurl/clear/2717258960001/d4306daf-ad78-43ec-a6aa-5ad76986db0c/6s/manifest.mpd?fastly_token=NjllODAxZDBfMjZkYTU1NjM2ZTdkY2I2MDE4MWIxZGZmZTExZjM4ZGZjMGI3OGMwYzY2YzY4NjVhM2E1ZDkxYWZlNzNiMWJjNw%3D%3D"",""type"":""application/dash+xml"",""profiles"":""urn:mpeg:dash:profile:isoff-live:2011"",""uploaded_at"":""2026-04-21T15:30:36.647Z""},{""src"":""https://manifest.prod.boltdns.net/manifest/v1/dash/live-baseurl/clear/2717258960001/d4306daf-ad78-43ec-a6aa-5ad76986db0c/6s/manifest.mpd?fastly_token=NjllODAxZDBfMjZkYTU1NjM2ZTdkY2I2MDE4MWIxZGZmZTExZjM4ZGZjMGI3OGMwYzY2YzY4NjVhM2E1ZDkxYWZlNzNiMWJjNw%3D%3D"",""type"":""application/dash+xml"",""profiles"":""urn:mpeg:dash:profile:isoff-live:2011"",""uploaded_at"":""2026-04-21T15:30:36.647Z""},{""src"":""http://manifest.prod.boltdns.net/manifest/v2/dash/live-baseurl/clear/avc1_mp4a/2717258960001/d4306daf-ad78-43ec-a6aa-5ad76986db0c/6s/manifest.mpd?fastly_token=NjllODAxZDBfODdkMTU2NDg4YzU2NmJjZmJjZDBjMTczNzAyN2M2ODc0ZmI3ZThiOWFmYWJiYmY0MjE2MTRmMWUxZTUzYzg4OQ%3D%3D"",""type"":""application/dash+xml"",""profiles"":""urn:mpeg:dash:profile:isoff-live:2011"",""uploaded_at"":""2026-04-21T15:30:36.647Z""},{""src"":""https://manifest.prod.boltdns.net/manifest/v2/dash/live-baseurl/clear/avc1_mp4a/2717258960001/d4306daf-ad78-43ec-a6aa-5ad76986db0c/6s/manifest.mpd?fastly_token=NjllODAxZDBfODdkMTU2NDg4YzU2NmJjZmJjZDBjMTczNzAyN2M2ODc0ZmI3ZThiOWFmYWJiYmY0MjE2MTRmMWUxZTUzYzg4OQ%3D%3D"",""type"":""application/dash+xml"",""profiles"":""urn:mpeg:dash:profile:isoff-live:2011"",""uploaded_at"":""2026-04-21T15:30:36.647Z""}]"
